Billions,Month,Category,Percentage
30.437,1992-01,DiningIn,0.185497584
17.17,1992-01,DiningOut,0.104642163
116.476,1992-01,NonFood,0.709860254
30.382,1992-02,DiningIn,0.184962864
16.99,1992-02,DiningOut,0.103433581
116.888,1992-02,NonFood,0.711603555
30.526,1992-03,DiningIn,0.186421736
16.916,1992-03,DiningOut,0.103305709
116.305,1992-03,NonFood,0.710272555
30.602,1992-04,DiningIn,0.185737957
16.677,1992-04,DiningOut,0.101220571
117.48,1992-04,NonFood,0.713041473
30.718,1992-05,DiningIn,0.391391876
31.164,1992-05,DiningIn,0.397074563
16.602,1992-05,DiningOut,0.211533561
17.821,1992-05,DiningOut,0.067102697
118.297,1992-05,NonFood,0.445432227
129.46,1992-05,NonFood,0.487465076
30.761,1992-06,DiningIn,0.185197895
16.277,1992-06,DiningOut,0.097996364
119.06,1992-06,NonFood,0.716805741
30.963,1992-07,DiningIn,0.185069185
16.496,1992-07,DiningOut,0.098598368
119.846,1992-07,NonFood,0.716332447
31.041,1992-08,DiningIn,0.184991388
16.733,1992-08,DiningOut,0.099721688
120.023,1992-08,NonFood,0.715286924
30.942,1992-09,DiningIn,0.182648887
16.812,1992-09,DiningOut,0.099240291
121.653,1992-09,NonFood,0.718110822
31.148,1992-10,DiningIn,0.182492486
17.104,1992-10,DiningOut,0.100210334
122.429,1992-10,NonFood,0.71729718
30.992,1992-11,DiningIn,0.181213273
17.42,1992-11,DiningOut,0.101856454
122.613,1992-11,NonFood,0.716930273
31.057,1992-12,DiningIn,0.17952542
17.491,1992-12,DiningOut,0.101106968
124.447,1992-12,NonFood,0.719367612
31.045,1993-01,DiningIn,0.177320966
17.553,1993-01,DiningOut,0.100258171
126.48,1993-01,NonFood,0.722420864
31.233,1993-02,DiningIn,0.179737584
17.478,1993-02,DiningOut,0.100581228
125.059,1993-02,NonFood,0.719681188
31.058,1993-03,DiningIn,0.18022608
17.554,1993-03,DiningOut,0.101863887
123.716,1993-03,NonFood,0.717910032
31.129,1993-04,DiningIn,0.17610287
17.77,1993-04,DiningOut,0.100528382
127.867,1993-04,NonFood,0.723368747
31.168,1993-06,DiningIn,0.17490362
18.03,1993-06,DiningOut,0.101177883
129.003,1993-06,NonFood,0.723918497
31.349,1993-07,DiningIn,0.173429815
17.927,1993-07,DiningOut,0.099176251
131.483,1993-07,NonFood,0.727393933
31.126,1993-08,DiningIn,0.172259978
18.201,1993-08,DiningOut,0.100729418
131.365,1993-08,NonFood,0.727010604
31.201,1993-09,DiningIn,0.171622662
18.515,1993-09,DiningOut,0.101842684
132.084,1993-09,NonFood,0.726534653
31.346,1993-10,DiningIn,0.1713739
18.199,1993-10,DiningOut,0.09949702
133.365,1993-10,NonFood,0.72912908
31.363,1993-11,DiningIn,0.169762809
18.153,1993-11,DiningOut,0.098259232
135.23,1993-11,NonFood,0.731977959
31.499,1993-12,DiningIn,0.169041371
18.238,1993-12,DiningOut,0.097875378
136.602,1993-12,NonFood,0.733083251
31.468,1994-01,DiningIn,0.16997969
17.624,1994-01,DiningOut,0.095198997
136.036,1994-01,NonFood,0.734821313
31.688,1994-02,DiningIn,0.168484185
18.425,1994-02,DiningOut,0.097965195
137.964,1994-02,NonFood,0.73355062
31.7,1994-03,DiningIn,0.165459215
18.813,1994-03,DiningOut,0.098195085
141.075,1994-03,NonFood,0.7363457
31.899,1994-04,DiningIn,0.166459673
18.533,1994-04,DiningOut,0.096711405
141.2,1994-04,NonFood,0.736828922
31.858,1994-05,DiningIn,0.166848225
18.6,1994-05,DiningOut,0.0974128
140.482,1994-05,NonFood,0.735738976
32.123,1994-06,DiningIn,0.166271558
18.889,1994-06,DiningOut,0.097771175
142.184,1994-06,NonFood,0.735957266
31.964,1994-07,DiningIn,0.164964415
18.962,1994-07,DiningOut,0.097861821
142.837,1994-07,NonFood,0.737173764
32.222,1994-08,DiningIn,0.164266378
18.868,1994-08,DiningOut,0.096188257
145.067,1994-08,NonFood,0.739545364
32.401,1994-09,DiningIn,0.163844979
18.978,1994-09,DiningOut,0.095967717
146.375,1994-09,NonFood,0.740187303
32.196,1994-10,DiningIn,0.161319578
19.01,1994-10,DiningOut,0.095250502
148.373,1994-10,NonFood,0.74342992
32.37,1994-11,DiningIn,0.162074473
19.028,1994-11,DiningOut,0.095271952
148.325,1994-11,NonFood,0.742653575
32.294,1994-12,DiningIn,0.160930882
19.178,1994-12,DiningOut,0.095569841
149.198,1994-12,NonFood,0.743499277
32.625,1995-01,DiningIn,0.161844005
19.16,1995-01,DiningOut,0.095047697
149.798,1995-01,NonFood,0.743108298
32.399,1995-02,DiningIn,0.163315405
18.911,1995-02,DiningOut,0.095325708
147.073,1995-02,NonFood,0.741358887
32.415,1995-03,DiningIn,0.161888828
19.234,1995-03,DiningOut,0.096059532
148.581,1995-03,NonFood,0.742051641
32.312,1995-04,DiningIn,0.160717839
19.346,1995-04,DiningOut,0.096225777
149.39,1995-04,NonFood,0.743056385
32.54,1995-05,DiningIn,0.160301094
19.45,1995-05,DiningOut,0.095816112
151.003,1995-05,NonFood,0.743882794
32.597,1995-06,DiningIn,0.158617468
19.419,1995-06,DiningOut,0.094493132
153.491,1995-06,NonFood,0.7468894
32.466,1995-07,DiningIn,0.158402412
19.489,1995-07,DiningOut,0.09508731
153.004,1995-07,NonFood,0.746510278
32.547,1995-08,DiningIn,0.157590459
19.715,1995-08,DiningOut,0.095458749
154.267,1995-08,NonFood,0.746950791
32.625,1995-09,DiningIn,0.157625448
19.64,1995-09,DiningOut,0.094889312
154.713,1995-09,NonFood,0.74748524
32.578,1995-10,DiningIn,0.158025194
19.611,1995-10,DiningOut,0.09512653
153.968,1995-10,NonFood,0.746848276
32.744,1995-11,DiningIn,0.156924389
19.609,1995-11,DiningOut,0.093975395
156.308,1995-11,NonFood,0.749100215
32.903,1995-12,DiningIn,0.156357813
19.625,1995-12,DiningOut,0.093259644
157.906,1995-12,NonFood,0.750382543
33.085,1996-01,DiningIn,0.158505445
19.564,1996-01,DiningOut,0.093728291
156.082,1996-01,NonFood,0.747766264
32.928,1996-02,DiningIn,0.155312696
19.742,1996-02,DiningOut,0.09311781
159.341,1996-02,NonFood,0.751569494
33.076,1996-03,DiningIn,0.154665544
19.862,1996-03,DiningOut,0.092876014
160.917,1996-03,NonFood,0.752458441
33.174,1996-04,DiningIn,0.154553586
19.932,1996-04,DiningOut,0.092860737
161.538,1996-04,NonFood,0.752585677
33.178,1996-05,DiningIn,0.153385975
20.094,1996-05,DiningOut,0.092897034
163.032,1996-05,NonFood,0.753716991
33.281,1996-06,DiningIn,0.154036629
19.932,1996-06,DiningOut,0.092252579
162.846,1996-06,NonFood,0.753710792
33.47,1996-07,DiningIn,0.154685868
20.145,1996-07,DiningOut,0.093102683
162.759,1996-07,NonFood,0.752211449
33.542,1996-08,DiningIn,0.155032239
20.14,1996-08,DiningOut,0.093087749
162.673,1996-08,NonFood,0.751880012
33.494,1996-09,DiningIn,0.152773217
20.397,1996-09,DiningOut,0.09303503
165.349,1996-09,NonFood,0.754191753
33.704,1996-10,DiningIn,0.152479879
20.551,1996-10,DiningOut,0.092974543
166.784,1996-10,NonFood,0.754545578
33.734,1996-11,DiningIn,0.152650132
20.789,1996-11,DiningOut,0.094072556
166.466,1996-11,NonFood,0.753277312
33.819,1996-12,DiningIn,0.152407863
20.707,1996-12,DiningOut,0.09331765
167.372,1996-12,NonFood,0.754274486
34.049,1997-01,DiningIn,0.152328162
21.11,1997-01,DiningOut,0.09444176
168.365,1997-01,NonFood,0.753230078
33.989,1997-02,DiningIn,0.150788123
21.136,1997-02,DiningOut,0.09376733
170.284,1997-02,NonFood,0.755444547
34.156,1997-03,DiningIn,0.151041851
21.171,1997-03,DiningOut,0.093620653
170.809,1997-03,NonFood,0.755337496
34.056,1997-04,DiningIn,0.151637665
21.216,1997-04,DiningOut,0.094466312
169.316,1997-04,NonFood,0.753896023
33.892,1997-06,DiningIn,0.149932758
21.382,1997-06,DiningOut,0.094590529
170.774,1997-06,NonFood,0.755476713
34.106,1997-07,DiningIn,0.14910509
21.689,1997-07,DiningOut,0.094820275
172.943,1997-07,NonFood,0.756074636
34.256,1997-08,DiningIn,0.149382732
21.674,1997-08,DiningOut,0.094515452
173.387,1997-08,NonFood,0.756101815
34.281,1997-09,DiningIn,0.148864011
21.986,1997-09,DiningOut,0.095473415
174.017,1997-09,NonFood,0.755662573
34.348,1997-10,DiningIn,0.149454795
21.758,1997-10,DiningOut,0.094673269
173.716,1997-10,NonFood,0.755871936
34.23,1997-11,DiningIn,0.148512274
21.504,1997-11,DiningOut,0.093298508
174.752,1997-11,NonFood,0.758189218
34.19,1997-12,DiningIn,0.147882542
21.818,1997-12,DiningOut,0.094369737
175.189,1997-12,NonFood,0.757747722
34.126,1998-01,DiningIn,0.147345696
21.921,1998-01,DiningOut,0.094648216
175.558,1998-01,NonFood,0.758006088
34.102,1998-02,DiningIn,0.147204572
22.132,1998-02,DiningOut,0.095534913
175.43,1998-02,NonFood,0.757260515
34.275,1998-03,DiningIn,0.147075862
22.251,1998-03,DiningOut,0.095480233
176.517,1998-03,NonFood,0.757443905
34.374,1998-04,DiningIn,0.145667356
22.353,1998-04,DiningOut,0.094725735
179.249,1998-04,NonFood,0.759606909
33.978,1998-05,DiningIn,0.378618707
34.534,1998-05,DiningIn,0.384814245
21.23,1998-05,DiningOut,0.236567048
22.436,1998-05,DiningOut,0.060601968
167.698,1998-05,NonFood,0.452969729
180.085,1998-05,NonFood,0.486428303
34.592,1998-06,DiningIn,0.144761841
22.634,1998-06,DiningOut,0.094719574
181.732,1998-06,NonFood,0.760518585
34.856,1998-07,DiningIn,0.146809703
22.57,1998-07,DiningOut,0.095062399
179.997,1998-07,NonFood,0.758127898
34.95,1998-08,DiningIn,0.147835135
22.743,1998-08,DiningOut,0.0962007
178.719,1998-08,NonFood,0.755964164
34.916,1998-09,DiningIn,0.146372547
22.83,1998-09,DiningOut,0.095706416
180.796,1998-09,NonFood,0.757921037
35.093,1998-10,DiningIn,0.144694905
23.066,1998-10,DiningOut,0.095105368
184.372,1998-10,NonFood,0.760199727
35.14,1998-11,DiningIn,0.14383542
23.157,1998-11,DiningOut,0.094786478
186.01,1998-11,NonFood,0.761378102
35.533,1998-12,DiningIn,0.144105087
23.351,1998-12,DiningOut,0.094700641
187.693,1998-12,NonFood,0.761194272
35.447,1999-01,DiningIn,0.14357348
22.871,1999-01,DiningOut,0.092636022
188.573,1999-01,NonFood,0.763790499
35.707,1999-02,DiningIn,0.143108493
23.27,1999-02,DiningOut,0.093262795
190.533,1999-02,NonFood,0.763628712
35.652,1999-03,DiningIn,0.142234209
23.25,1999-03,DiningOut,0.092756237
191.755,1999-03,NonFood,0.765009555
36.013,1999-04,DiningIn,0.142672076
23.44,1999-04,DiningOut,0.09286184
192.965,1999-04,NonFood,0.764466084
36.06,1999-05,DiningIn,0.141557208
23.5,1999-05,DiningOut,0.092251647
195.178,1999-05,NonFood,0.766191145
35.872,1999-06,DiningIn,0.140414605
23.546,1999-06,DiningOut,0.092166656
196.054,1999-06,NonFood,0.767418739
36.126,1999-07,DiningIn,0.140327298
23.508,1999-07,DiningOut,0.091314126
197.807,1999-07,NonFood,0.768358575
36.117,1999-08,DiningIn,0.138776498
23.664,1999-08,DiningOut,0.090926906
200.472,1999-08,NonFood,0.770296596
36.411,1999-09,DiningIn,0.139317855
23.836,1999-09,DiningOut,0.091202669
201.105,1999-09,NonFood,0.769479476
36.271,1999-10,DiningIn,0.138531462
24.265,1999-10,DiningOut,0.092676406
201.289,1999-10,NonFood,0.768792132
36.3,1999-11,DiningIn,0.137041637
24.421,1999-11,DiningOut,0.092195422
204.162,1999-11,NonFood,0.770762941
37.665,1999-12,DiningIn,0.139564096
24.378,1999-12,DiningOut,0.090330374
207.833,1999-12,NonFood,0.77010553
35.613,2000-01,DiningIn,0.132839223
24.608,2000-01,DiningOut,0.091789728
207.87,2000-01,NonFood,0.775371049
35.98,2000-02,DiningIn,0.132269686
24.887,2000-02,DiningOut,0.091489596
211.153,2000-02,NonFood,0.776240718
36.559,2000-03,DiningIn,0.132838446
25.367,2000-03,DiningOut,0.09217191
213.288,2000-03,NonFood,0.774989644
37.008,2000-04,DiningIn,0.13655887
25.215,2000-04,DiningOut,0.093042907
208.781,2000-04,NonFood,0.770398223
36.717,2000-05,DiningIn,0.135278427
25.193,2000-05,DiningOut,0.092819931
209.508,2000-05,NonFood,0.771901642
37.175,2000-06,DiningIn,0.135953043
25.262,2000-06,DiningOut,0.092385898
211.003,2000-06,NonFood,0.771661059
37.038,2000-07,DiningIn,0.135850468
25.454,2000-07,DiningOut,0.093361894
210.146,2000-07,NonFood,0.770787638
37.11,2000-08,DiningIn,0.135962454
25.342,2000-08,DiningOut,0.092847225
210.491,2000-08,NonFood,0.771190322
37.308,2000-09,DiningIn,0.134432101
25.711,2000-09,DiningOut,0.092644574
214.504,2000-09,NonFood,0.772923325
37.476,2000-10,DiningIn,0.135305607
25.706,2000-10,DiningOut,0.092810491
213.791,2000-10,NonFood,0.771883902
37.7,2000-11,DiningIn,0.136632321
25.698,2000-11,DiningOut,0.093134679
212.525,2000-11,NonFood,0.770233
38.033,2000-12,DiningIn,0.13793266
25.133,2000-12,DiningOut,0.09114878
212.57,2000-12,NonFood,0.77091856
37.903,2001-01,DiningIn,0.135893961
26.18,2001-01,DiningOut,0.093863385
214.833,2001-01,NonFood,0.770242654
38.252,2001-02,DiningIn,0.137202788
26.069,2001-02,DiningOut,0.09350464
214.478,2001-02,NonFood,0.769292573
38.133,2001-03,DiningIn,0.137929164
26.122,2001-03,DiningOut,0.094484714
212.213,2001-03,NonFood,0.767586122
38.369,2001-04,DiningIn,0.136639791
26.045,2001-04,DiningOut,0.092751528
216.39,2001-04,NonFood,0.770608681
38.439,2001-05,DiningIn,0.136531221
26.278,2001-05,DiningOut,0.093336648
216.823,2001-05,NonFood,0.77013213
38.569,2001-06,DiningIn,0.137550419
26.379,2001-06,DiningOut,0.094076655
215.451,2001-06,NonFood,0.768372926
38.506,2001-07,DiningIn,0.137756599
26.507,2001-07,DiningOut,0.094829745
214.509,2001-07,NonFood,0.767413656
38.738,2001-08,DiningIn,0.137650441
26.853,2001-08,DiningOut,0.09541864
215.832,2001-08,NonFood,0.766930919
38.832,2001-09,DiningIn,0.140647241
26.239,2001-09,DiningOut,0.095036129
211.024,2001-09,NonFood,0.76431663
38.944,2001-10,DiningIn,0.132186971
26.541,2001-10,DiningOut,0.090087674
229.128,2001-10,NonFood,0.777725355
39.161,2001-11,DiningIn,0.136468497
26.597,2001-11,DiningOut,0.092685392
221.202,2001-11,NonFood,0.770846111
38.996,2001-12,DiningIn,0.137451182
27.156,2001-12,DiningOut,0.095718133
217.556,2001-12,NonFood,0.766830685
38.833,2002-01,DiningIn,0.136939879
27.201,2002-01,DiningOut,0.095921037
217.543,2002-01,NonFood,0.767139084
38.885,2002-02,DiningIn,0.1364094
27.384,2002-02,DiningOut,0.09606365
218.792,2002-02,NonFood,0.76752695
38.913,2002-03,DiningIn,0.136890837
27.203,2002-03,DiningOut,0.095696591
218.147,2002-03,NonFood,0.767412572
38.568,2002-04,DiningIn,0.133536459
27.5,2002-04,DiningOut,0.095215013
222.752,2002-04,NonFood,0.771248528
38.713,2002-05,DiningIn,0.135837947
27.378,2002-05,DiningOut,0.09606518
218.903,2002-05,NonFood,0.768096872
38.723,2002-06,DiningIn,0.134735091
27.586,2002-06,DiningOut,0.095984356
221.092,2002-06,NonFood,0.769280552
38.834,2002-07,DiningIn,0.133713463
27.616,2002-07,DiningOut,0.095087578
223.977,2002-07,NonFood,0.771198959
38.647,2002-08,DiningIn,0.132089466
27.607,2002-08,DiningOut,0.094356454
226.328,2002-08,NonFood,0.773554081
38.599,2002-09,DiningIn,0.133822642
27.784,2002-09,DiningOut,0.096327063
222.051,2002-09,NonFood,0.769850295
38.693,2002-10,DiningIn,0.133592741
27.623,2002-10,DiningOut,0.09537209
223.318,2002-10,NonFood,0.771035169
38.886,2002-11,DiningIn,0.133411099
27.916,2002-11,DiningOut,0.095774938
224.673,2002-11,NonFood,0.770813963
39.072,2002-12,DiningIn,0.132979828
28.017,2002-12,DiningOut,0.095354623
226.73,2002-12,NonFood,0.771665549
39.412,2003-01,DiningIn,0.133466985
28.018,2003-01,DiningOut,0.094881711
227.864,2003-01,NonFood,0.771651303
39.285,2003-02,DiningIn,0.134917473
27.979,2003-02,DiningOut,0.09608899
223.914,2003-02,NonFood,0.768993537
39.318,2003-03,DiningIn,0.132675546
28.505,2003-03,DiningOut,0.096187915
228.524,2003-03,NonFood,0.771136539
39.441,2003-04,DiningIn,0.133407522
28.403,2003-04,DiningOut,0.096071952
227.799,2003-04,NonFood,0.770520526
39.019,2003-05,DiningIn,0.131645271
29.048,2003-05,DiningOut,0.098004352
228.328,2003-05,NonFood,0.770350377
39.48,2003-06,DiningIn,0.131748437
29.23,2003-06,DiningOut,0.097543232
230.952,2003-06,NonFood,0.770708331
39.808,2003-07,DiningIn,0.131471525
29.395,2003-07,DiningOut,0.097081126
233.585,2003-07,NonFood,0.771447349
39.833,2003-08,DiningIn,0.129435084
29.844,2003-08,DiningOut,0.096976393
238.068,2003-08,NonFood,0.773588523
39.878,2003-09,DiningIn,0.130356045
29.503,2003-09,DiningOut,0.096441507
236.535,2003-09,NonFood,0.773202448
39.776,2003-10,DiningIn,0.130488413
30.045,2003-10,DiningOut,0.098565074
235.003,2003-10,NonFood,0.770946513
39.631,2003-11,DiningIn,0.1284423
30.229,2003-11,DiningOut,0.097970838
238.691,2003-11,NonFood,0.773586862
39.809,2003-12,DiningIn,0.129518288
29.795,2003-12,DiningOut,0.096937813
237.758,2003-12,NonFood,0.773543899
40.443,2004-01,DiningIn,0.130788261
30.341,2004-01,DiningOut,0.098119492
238.441,2004-01,NonFood,0.771092247
39.922,2004-02,DiningIn,0.128190555
30.461,2004-02,DiningOut,0.097811044
241.044,2004-02,NonFood,0.773998401
40.419,2004-03,DiningIn,0.127530882
30.703,2004-03,DiningOut,0.096874753
245.813,2004-03,NonFood,0.775594365
40.399,2004-04,DiningIn,0.128851692
30.56,2004-04,DiningOut,0.097470426
242.572,2004-04,NonFood,0.773677882
40.635,2004-05,DiningIn,0.127397621
30.712,2004-05,DiningOut,0.096287332
247.615,2004-05,NonFood,0.776315047
40.608,2004-06,DiningIn,0.128926155
30.825,2004-06,DiningOut,0.097866153
243.538,2004-06,NonFood,0.773207692
40.631,2004-07,DiningIn,0.127557043
31.191,2004-07,DiningOut,0.097921088
246.71,2004-07,NonFood,0.774521869
40.771,2004-08,DiningIn,0.127830817
31.036,2004-08,DiningOut,0.097308313
247.138,2004-08,NonFood,0.774860869
41.045,2004-09,DiningIn,0.126445209
31.43,2004-09,DiningOut,0.096824776
252.132,2004-09,NonFood,0.776730015
41.177,2004-10,DiningIn,0.126046896
31.625,2004-10,DiningOut,0.096807273
253.878,2004-10,NonFood,0.777145831
41.404,2004-11,DiningIn,0.12629447
31.659,2004-11,DiningOut,0.096569332
254.774,2004-11,NonFood,0.777136199
41.534,2004-12,DiningIn,0.125148775
32.111,2004-12,DiningOut,0.096755726
258.232,2004-12,NonFood,0.778095499
41.766,2005-01,DiningIn,0.126668042
32,2005-01,DiningOut,0.097049689
255.962,2005-01,NonFood,0.776282269
41.755,2005-02,DiningIn,0.125582347
32.505,2005-02,DiningOut,0.097762045
258.231,2005-02,NonFood,0.776655609
41.769,2005-03,DiningIn,0.125710657
32.305,2005-03,DiningOut,0.097227197
258.189,2005-03,NonFood,0.777062147
42.237,2005-04,DiningIn,0.125146296
32.791,2005-04,DiningOut,0.097158231
262.473,2005-04,NonFood,0.777695473
42.127,2005-05,DiningIn,0.12599671
32.778,2005-05,DiningOut,0.098034993
259.445,2005-05,NonFood,0.775968297
42.284,2005-06,DiningIn,0.122842899
33.041,2005-06,DiningOut,0.095990262
268.887,2005-06,NonFood,0.781166839
42.252,2005-07,DiningIn,0.121558056
33.025,2005-07,DiningOut,0.095012184
272.31,2005-07,NonFood,0.78342976
42.58,2005-08,DiningIn,0.12427291
33.229,2005-08,DiningOut,0.096981318
266.824,2005-08,NonFood,0.778745772
42.725,2005-09,DiningIn,0.124429546
33.283,2005-09,DiningOut,0.096931272
267.359,2005-09,NonFood,0.778639182
42.837,2005-10,DiningIn,0.124290589
33.618,2005-10,DiningOut,0.097541868
268.197,2005-10,NonFood,0.778167543
42.906,2005-11,DiningIn,0.123552991
33.986,2005-11,DiningOut,0.097866777
270.376,2005-11,NonFood,0.778580232
43.078,2005-12,DiningIn,0.124118339
33.965,2005-12,DiningOut,0.097861539
270.029,2005-12,NonFood,0.778020123
42.849,2006-01,DiningIn,0.119751492
35.021,2006-01,DiningOut,0.097874326
279.946,2006-01,NonFood,0.782374181
43.374,2006-02,DiningIn,0.122379536
34.535,2006-02,DiningOut,0.097440339
276.513,2006-02,NonFood,0.780180124
43.224,2006-03,DiningIn,0.121327802
34.83,2006-03,DiningOut,0.097766226
278.204,2006-03,NonFood,0.780905973
43.272,2006-04,DiningIn,0.120996222
34.862,2006-04,DiningOut,0.097480364
279.497,2006-04,NonFood,0.781523414
43.657,2006-05,DiningIn,0.122576932
34.877,2006-05,DiningOut,0.09792509
277.626,2006-05,NonFood,0.779497978
43.738,2006-06,DiningIn,0.122335843
34.729,2006-06,DiningOut,0.097137535
279.057,2006-06,NonFood,0.780526622
43.828,2006-07,DiningIn,0.121810087
34.768,2006-07,DiningOut,0.096629851
281.21,2006-07,NonFood,0.781560063
44.122,2006-08,DiningIn,0.12246586
35.367,2006-08,DiningOut,0.098165316
280.791,2006-08,NonFood,0.779368824
43.795,2006-09,DiningIn,0.122099799
35.653,2006-09,DiningOut,0.099400026
279.234,2006-09,NonFood,0.778500176
44.633,2006-10,DiningIn,0.124488538
35.784,2006-10,DiningOut,0.099807269
278.114,2006-10,NonFood,0.775704193
44.489,2006-11,DiningIn,0.123851308
35.846,2006-11,DiningOut,0.099790375
278.878,2006-11,NonFood,0.776358317
44.804,2006-12,DiningIn,0.122876928
37.025,2006-12,DiningOut,0.101542681
282.796,2006-12,NonFood,0.775580391
44.86,2007-01,DiningIn,0.123473441
36.395,2007-01,DiningOut,0.100174228
282.062,2007-01,NonFood,0.776352331
45.27,2007-02,DiningIn,0.124386585
36.053,2007-02,DiningOut,0.099061399
282.623,2007-02,NonFood,0.776552016
45.177,2007-03,DiningIn,0.122953028
36.614,2007-03,DiningOut,0.099648099
285.642,2007-03,NonFood,0.777398873
45.078,2007-04,DiningIn,0.123203319
36.627,2007-04,DiningOut,0.100105772
284.178,2007-04,NonFood,0.776690909
45.417,2007-05,DiningIn,0.122542975
36.732,2007-05,DiningOut,0.099109333
288.472,2007-05,NonFood,0.778347692
45.576,2007-06,DiningIn,0.123778537
37.042,2007-06,DiningOut,0.100601294
285.588,2007-06,NonFood,0.775620169
45.847,2007-07,DiningIn,0.12394699
37.272,2007-07,DiningOut,0.100764547
286.773,2007-07,NonFood,0.775288463
45.557,2007-08,DiningIn,0.122790846
37.189,2007-08,DiningOut,0.10023638
288.267,2007-08,NonFood,0.776972775
45.937,2007-09,DiningIn,0.122872855
37.427,2007-09,DiningOut,0.100110202
290.494,2007-09,NonFood,0.777016942
46.161,2007-10,DiningIn,0.123158072
37.721,2007-10,DiningOut,0.100640056
290.929,2007-10,NonFood,0.776201872
46.576,2007-11,DiningIn,0.123219539
37.609,2007-11,DiningOut,0.099496815
293.807,2007-11,NonFood,0.777283646
46.873,2007-12,DiningIn,0.124927039
38.374,2007-12,DiningOut,0.102275302
289.956,2007-12,NonFood,0.772797659
46.834,2008-01,DiningIn,0.124857039
37.827,2008-01,DiningOut,0.100844839
290.44,2008-01,NonFood,0.774298122
46.761,2008-02,DiningIn,0.125808482
37.215,2008-02,DiningOut,0.100125375
287.708,2008-02,NonFood,0.774066142
46.898,2008-03,DiningIn,0.126017047
37.597,2008-03,DiningOut,0.101024839
287.661,2008-03,NonFood,0.772958114
47.428,2008-04,DiningIn,0.126879667
37.702,2008-04,DiningOut,0.100860614
288.673,2008-04,NonFood,0.77225972
47.247,2008-05,DiningIn,0.125829596
38.101,2008-05,DiningOut,0.101471701
290.136,2008-05,NonFood,0.772698704
47.691,2008-06,DiningIn,0.126504346
38.159,2008-06,DiningOut,0.101219923
291.141,2008-06,NonFood,0.772275731
47.795,2008-07,DiningIn,0.127421053
38.324,2008-07,DiningOut,0.10217145
288.976,2008-07,NonFood,0.770407497
47.973,2008-08,DiningIn,0.128704345
38.257,2008-08,DiningOut,0.102637778
286.508,2008-08,NonFood,0.768657878
47.873,2008-09,DiningIn,0.130748033
38.368,2008-09,DiningOut,0.104788514
279.906,2008-09,NonFood,0.764463453
47.691,2008-10,DiningIn,0.135113849
38.141,2008-10,DiningOut,0.108057648
267.137,2008-10,NonFood,0.756828503
47.446,2008-11,DiningIn,0.139381031
38.12,2008-11,DiningOut,0.111984254
254.839,2008-11,NonFood,0.748634715
47.064,2008-12,DiningIn,0.141756047
38.048,2008-12,DiningOut,0.114599993
246.895,2008-12,NonFood,0.743643959
47.505,2009-01,DiningIn,0.141065272
38.194,2009-01,DiningOut,0.113416419
251.06,2009-01,NonFood,0.745518308
46.975,2009-02,DiningIn,0.139864825
37.927,2009-02,DiningOut,0.112925028
250.958,2009-02,NonFood,0.747210147
47.104,2009-03,DiningIn,0.142565723
37.545,2009-03,DiningOut,0.1136343
245.753,2009-03,NonFood,0.743799977
47.012,2009-04,DiningIn,0.141952159
37.763,2009-04,DiningOut,0.114024917
246.407,2009-04,NonFood,0.744022924
47.385,2009-05,DiningIn,0.141527608
37.751,2009-05,DiningOut,0.112753165
249.675,2009-05,NonFood,0.745719227
47.414,2009-06,DiningIn,0.139708937
37.706,2009-06,DiningOut,0.111103581
254.257,2009-06,NonFood,0.749187482
47.252,2009-07,DiningIn,0.138712509
37.746,2009-07,DiningOut,0.110806788
255.649,2009-07,NonFood,0.750480703
47.447,2009-08,DiningIn,0.136647054
37.642,2009-08,DiningOut,0.108408717
262.134,2009-08,NonFood,0.754944229
47.631,2009-09,DiningIn,0.140625554
37.509,2009-09,DiningOut,0.110741406
253.568,2009-09,NonFood,0.748633041
47.573,2009-10,DiningIn,0.139322322
37.498,2009-10,DiningOut,0.10981667
256.389,2009-10,NonFood,0.750861009
47.845,2009-11,DiningIn,0.13869523
37.775,2009-11,DiningOut,0.109503863
259.345,2009-11,NonFood,0.751800907
48.239,2009-12,DiningIn,0.139322838
37.738,2009-12,DiningOut,0.108994076
260.262,2009-12,NonFood,0.751683086
47.943,2010-01,DiningIn,0.138259094
37.622,2010-01,DiningOut,0.108495164
261.197,2010-01,NonFood,0.753245742
48.78,2010-02,DiningIn,0.140527771
38.313,2010-02,DiningOut,0.110373934
260.027,2010-02,NonFood,0.749098295
48.397,2010-03,DiningIn,0.136443344
38.462,2010-03,DiningOut,0.108434075
267.845,2010-03,NonFood,0.755122581
48.152,2010-04,DiningIn,0.134946836
38.707,2010-04,DiningOut,0.108477056
269.963,2010-04,NonFood,0.756576108
48.281,2010-05,DiningIn,0.13613435
38.672,2010-05,DiningOut,0.109040566
267.704,2010-05,NonFood,0.754825085
48.089,2010-06,DiningIn,0.135742251
38.888,2010-06,DiningOut,0.109770314
267.29,2010-06,NonFood,0.754487435
47.821,2010-07,DiningIn,0.134797793
39.045,2010-07,DiningOut,0.110060012
267.895,2010-07,NonFood,0.755142194
48.538,2010-08,DiningIn,0.135979067
39.451,2010-08,DiningOut,0.110521863
268.963,2010-08,NonFood,0.75349907
48.634,2010-09,DiningIn,0.135162401
39.473,2010-09,DiningOut,0.109702378
271.712,2010-09,NonFood,0.755135221
48.797,2010-10,DiningIn,0.133886656
39.524,2010-10,DiningOut,0.108443884
276.144,2010-10,NonFood,0.757669461
49.242,2010-11,DiningIn,0.134165613
39.753,2010-11,DiningOut,0.108311718
278.029,2010-11,NonFood,0.757522669
49.233,2010-12,DiningIn,0.133220587
39.586,2010-12,DiningOut,0.107116571
280.741,2010-12,NonFood,0.759662842
49.74,2011-01,DiningIn,0.133564982
39.651,2011-01,DiningOut,0.106473364
283.012,2011-01,NonFood,0.759961654
50.123,2011-02,DiningIn,0.133627481
40.416,2011-02,DiningOut,0.107748704
284.556,2011-02,NonFood,0.758623815
50.184,2011-03,DiningIn,0.132449702
40.684,2011-03,DiningOut,0.107376528
288.023,2011-03,NonFood,0.76017377
50.764,2011-04,DiningIn,0.133377123
40.614,2011-04,DiningOut,0.106709055
289.227,2011-04,NonFood,0.759913821
50.681,2011-05,DiningIn,0.133110087
41.081,2011-05,DiningOut,0.107896361
288.983,2011-05,NonFood,0.758993552
50.954,2011-06,DiningIn,0.132874719
41.615,2011-06,DiningOut,0.108521047
290.905,2011-06,NonFood,0.758604234
51.087,2011-07,DiningIn,0.133017932
41.507,2011-07,DiningOut,0.108073978
291.467,2011-07,NonFood,0.75890809
51.332,2011-08,DiningIn,0.133731063
41.752,2011-08,DiningOut,0.108773072
290.761,2011-08,NonFood,0.757495864
51.041,2011-09,DiningIn,0.131744549
42.092,2011-09,DiningOut,0.108645825
294.291,2011-09,NonFood,0.759609627
51.475,2011-10,DiningIn,0.131704521
42.206,2011-10,DiningOut,0.107988752
297.156,2011-10,NonFood,0.760306726
51.571,2011-11,DiningIn,0.131584856
42.199,2011-11,DiningOut,0.107671935
298.152,2011-11,NonFood,0.760743209
51.159,2011-12,DiningIn,0.130601273
42.005,2011-12,DiningOut,0.10723248
298.555,2011-12,NonFood,0.762166247
51.73,2012-01,DiningIn,0.130819283
42.833,2012-01,DiningOut,0.108319783
300.868,2012-01,NonFood,0.760860934
51.728,2012-02,DiningIn,0.129221469
43.027,2012-02,DiningOut,0.107485542
305.55,2012-02,NonFood,0.763292989
52.08,2012-03,DiningIn,0.129485885
43.017,2012-03,DiningOut,0.106952656
307.109,2012-03,NonFood,0.763561459
52.345,2012-04,DiningIn,0.130839603
43.529,2012-04,DiningOut,0.108803459
304.196,2012-04,NonFood,0.760356938
52.377,2012-05,DiningIn,0.131042748
43.438,2012-05,DiningOut,0.108678139
303.879,2012-05,NonFood,0.760279114
52.306,2012-06,DiningIn,0.132093531
43.58,2012-06,DiningOut,0.110056897
300.091,2012-06,NonFood,0.757849572
52.516,2012-07,DiningIn,0.131923563
43.787,2012-07,DiningOut,0.109995755
301.776,2012-07,NonFood,0.758080682
52.398,2012-08,DiningIn,0.13024738
43.817,2012-08,DiningOut,0.108917315
306.081,2012-08,NonFood,0.760835305
52.778,2012-09,DiningIn,0.129695751
44.051,2012-09,DiningOut,0.108250171
310.108,2012-09,NonFood,0.762054077
53.071,2012-10,DiningIn,0.130778595
43.794,2012-10,DiningOut,0.10791803
308.943,2012-10,NonFood,0.761303375
52.893,2012-11,DiningIn,0.129703922
44.405,2012-11,DiningOut,0.108889695
310.5,2012-11,NonFood,0.761406383
52.89,2012-12,DiningIn,0.128861395
44.772,2012-12,DiningOut,0.10908267
312.779,2012-12,NonFood,0.762055935
52.987,2013-01,DiningIn,0.128404462
44.981,2013-01,DiningOut,0.109003361
314.689,2013-01,NonFood,0.762592177
53.558,2013-02,DiningIn,0.128326589
44.784,2013-02,DiningOut,0.107303819
319.015,2013-02,NonFood,0.764369592
53.528,2013-03,DiningIn,0.129114425
45.003,2013-03,DiningOut,0.108551346
316.047,2013-03,NonFood,0.762334229
52.978,2013-04,DiningIn,0.128164622
44.745,2013-04,DiningOut,0.10824731
315.636,2013-04,NonFood,0.763588068
53.519,2013-05,DiningIn,0.128806258
44.829,2013-05,DiningOut,0.107891697
317.152,2013-05,NonFood,0.763302046
53.542,2013-06,DiningIn,0.12825322
44.577,2013-06,DiningOut,0.106778674
319.352,2013-06,NonFood,0.764968106
53.777,2013-07,DiningIn,0.128297682
44.878,2013-07,DiningOut,0.107067025
320.503,2013-07,NonFood,0.764635293
53.721,2013-08,DiningIn,0.128582199
45.027,2013-08,DiningOut,0.107772951
319.047,2013-08,NonFood,0.76364485
54.007,2013-09,DiningIn,0.128932837
45.267,2013-09,DiningOut,0.108067523
319.603,2013-09,NonFood,0.76299964
53.921,2013-10,DiningIn,0.128363468
45.869,2013-10,DiningOut,0.109195006
320.275,2013-10,NonFood,0.762441527
53.769,2013-11,DiningIn,0.127574008
46.782,2013-11,DiningOut,0.110996434
320.922,2013-11,NonFood,0.761429558
54.696,2013-12,DiningIn,0.129108707
46.218,2013-12,DiningOut,0.109096574
322.729,2013-12,NonFood,0.761794719
54.466,2014-01,DiningIn,0.130059674
45.741,2014-01,DiningOut,0.109225196
318.57,2014-01,NonFood,0.76071513
54.343,2014-02,DiningIn,0.128162314
46.351,2014-02,DiningOut,0.109314013
323.323,2014-02,NonFood,0.762523672
54.518,2014-03,DiningIn,0.126975624
47.002,2014-03,DiningOut,0.109470419
327.838,2014-03,NonFood,0.763553957
54.707,2014-04,DiningIn,0.126329815
47.194,2014-04,DiningOut,0.108980739
331.148,2014-04,NonFood,0.764689446
54.732,2014-05,DiningIn,0.126378206
47.509,2014-05,DiningOut,0.109700033
330.84,2014-05,NonFood,0.763921761
55.387,2014-06,DiningIn,0.12703994
47.815,2014-06,DiningOut,0.10967221
332.779,2014-06,NonFood,0.76328785
55.297,2014-07,DiningIn,0.126774771
47.987,2014-07,DiningOut,0.11001575
332.899,2014-07,NonFood,0.763209479
55.505,2014-08,DiningIn,0.126518657
48.357,2014-08,DiningOut,0.110225434
334.848,2014-08,NonFood,0.763255909
55.714,2014-09,DiningIn,0.127401323
48.849,2014-09,DiningOut,0.111703113
332.748,2014-09,NonFood,0.760895564
55.848,2014-10,DiningIn,0.127161655
49.517,2014-10,DiningOut,0.112746449
333.824,2014-10,NonFood,0.760091897
56.03,2014-11,DiningIn,0.126924366
49.703,2014-11,DiningOut,0.112591858
335.711,2014-11,NonFood,0.760483776
56.322,2014-12,DiningIn,0.128709523
50.402,2014-12,DiningOut,0.115180877
330.866,2014-12,NonFood,0.7561096
56.228,2015-01,DiningIn,0.129490472
50.336,2015-01,DiningOut,0.115921469
327.661,2015-01,NonFood,0.754588059
56.217,2015-02,DiningIn,0.130155746
50.489,2015-02,DiningOut,0.116894062
325.215,2015-02,NonFood,0.752950192
56.63,2015-03,DiningIn,0.12912361
50.907,2015-03,DiningOut,0.116074442
331.035,2015-03,NonFood,0.754801948
56.433,2015-04,DiningIn,0.128631897
51.482,2015-04,DiningOut,0.117346718
330.802,2015-04,NonFood,0.754021385
56.729,2015-05,DiningIn,0.12798825
51.589,2015-05,DiningOut,0.116391719
334.918,2015-05,NonFood,0.755620031
